insert into ENTREPRISE (IDENT, VILLE, RUE, CP, TEL, SECTEURACTIVITE) values (4, 'G1PLLNR4JUVLP0N', 'VLE 7DMR S3LIYF69RBGK2YQ4FOYQMLXN9J9IO7IGXNQLFRPY6', 3, 12, 'FO7W89SSLR 89XT')
go


insert into ENTREPRISE (IDENT, VILLE, RUE, CP, TEL, SECTEURACTIVITE) values (14, 'YAJA52UTP4A11MS', 'LVKWHGFVW586PWL0M0JIF1Y3K05MAAMDE6N4GHRE BC3SPVMMH', 17, 6, 'HO8WG2S19CMHE4Y')
go


insert into ENTREPRISE (IDENT, VILLE, RUE, CP, TEL, SECTEURACTIVITE) values (2, 'IFD9FH4APASXUP9', 'PPXFC3VSF2UQ0EW1463K3LJNPVN9SCYQ65C5J6X5C9360QQU F', 0, 11, '1 VDQ52ENHST8GU')
go


insert into ENTREPRISE (IDENT, VILLE, RUE, CP, TEL, SECTEURACTIVITE) values (5, 'W31RHKX1UMA2H79', 'ERFGP7J2WVT1GLPQ8VR6I0HRO PIVUR9DG0M QQ641N0BOREYL', 10, 16, '4XI616656XKP9NR')
go


insert into ENTREPRISE (IDENT, VILLE, RUE, CP, TEL, SECTEURACTIVITE) values (3, 'WIM3GCGRHCNIKD ', '9GU1244WACS0S7V8867TUUTK055BF5VLIVHPYXUT4C95YPO0MS', 15, 2, 'WWT821V4VBXCANU')
go


insert into ENTREPRISE (IDENT, VILLE, RUE, CP, TEL, SECTEURACTIVITE) values (19, 'O2LUGPGCRIBXL5C', 'PS3OCMVV0QF 7E4WH7QV60Q7JSTAIYUM7SCC0JD3AV6W3TVF6L', 12, 10, 'CEN8GIRRPGSJ9B0')
go


insert into ENTREPRISE (IDENT, VILLE, RUE, CP, TEL, SECTEURACTIVITE) values (13, 'UPXWI4F7U6RTYYL', 'JLE U489NJXKRESP3H  PBVFQ0L NXHO8SMK8TFPB GLDC 9KU', 2, 15, 'VQC96A0U7D4UKR6')
go


insert into ENTREPRISE (IDENT, VILLE, RUE, CP, TEL, SECTEURACTIVITE) values (6, 'D89T C2N1 W88KN', 'EWCI YUEOAKGJ0C7WTXKK1D9G1U9RWK69JU89PU75FVJ0Y1L85', 18, 14, 'FQELR5AXO6U0P03')
go


insert into ENTREPRISE (IDENT, VILLE, RUE, CP, TEL, SECTEURACTIVITE) values (9, 'TPG6PFFXP2KCPKJ', '37GX01B9HGDWK9GDXITRRKUAW8WO3QG5 0FU3 6SRRM9RWT7G ', 1, 9, '1IJI6191D38SH8Y')
go


insert into ENTREPRISE (IDENT, VILLE, RUE, CP, TEL, SECTEURACTIVITE) values (0, 'C47ERHYQB5MG1OH', '10BOD595P31HBS4V305S7JBIMUWX24JRV1USCINF9XYPK836KG', 16, 17, 'V39OF9BHSH1SI2H')
go


insert into ENTREPRISE (IDENT, VILLE, RUE, CP, TEL, SECTEURACTIVITE) values (18, '4X4VN9E1XN4USJ5', 'B7GNXNY7H7VGAIJBB596WPSMN8Q1OTB0G TLIKJQMOQU4ER E0', 13, 4, 'NS GKW9KPUVSK9R')
go


insert into ENTREPRISE (IDENT, VILLE, RUE, CP, TEL, SECTEURACTIVITE) values (15, '5SG4HPD9JNQOG3C', '3PXL0A1M3TUKOT 3OL615LBACMRSHKRV4LD83T1EJ9I7A2S39R', 14, 3, '4INDY2D N8575UQ')
go


insert into ENTREPRISE (IDENT, VILLE, RUE, CP, TEL, SECTEURACTIVITE) values (11, 'T0HME2XWIBFCTAF', 'VRPLCT7U77IY01HE28V743W101BVDEXTITND8 HXD7K8NXEV W', 19, 13, '0G1X2JXJUDDDMSX')
go


insert into ENTREPRISE (IDENT, VILLE, RUE, CP, TEL, SECTEURACTIVITE) values (10, '8Y9PJ6QTDHV YJ0', 'KRJ47C E1MT1SMNRIN4NPQ0UMO2IX184YL9WCO647HV2VE1R5Y', 9, 18, '9 L0MEXK6DBLS 2')
go


insert into ENTREPRISE (IDENT, VILLE, RUE, CP, TEL, SECTEURACTIVITE) values (16, 'I5TLM6T32PAW9B4', 'QU6F Q3DAY08574LUW6RMMVFWM4LJEWIJI8DB0R61DK164MFKO', 7, 7, 'D8ASTA6JFYECECJ')
go


insert into ENTREPRISE (IDENT, VILLE, RUE, CP, TEL, SECTEURACTIVITE) values (17, 'PTOKP84 1ST63I ', 'ENDTK6XUDY5VJELO098DVOPVDDVACJBPPPP468NVCH2V6HMEN2', 5, 8, 'UBDXHEKQ2462AFL')
go


insert into ENTREPRISE (IDENT, VILLE, RUE, CP, TEL, SECTEURACTIVITE) values (8, '3FQNI1E6O9E7JIL', '110BAO4D1NP6NLMI2I0YFXPINNCC0S51AR6AG EHKQDBTWLY0J', 11, 0, 'A1L49SEY62H8 JQ')
go


insert into ENTREPRISE (IDENT, VILLE, RUE, CP, TEL, SECTEURACTIVITE) values (12, '4HXOW5B5YFY2L2E', 'UCA9 LD 0FTWDPLSUJK1RFKKJSNB 8B7QCU3PLV5IVRX6VRXTV', 8, 5, '2XCVH79GADQTDEP')
go


insert into ENTREPRISE (IDENT, VILLE, RUE, CP, TEL, SECTEURACTIVITE) values (1, 'W0V97QD6LKFFKLT', 'L5L88PR5OG1ST3AJGQ5PY MN518NTJCR7L76X9 Q40 BMBDD2I', 4, 19, 'P21QTLBG2D5BV7A')
go


insert into ENTREPRISE (IDENT, VILLE, RUE, CP, TEL, SECTEURACTIVITE) values (7, 'SLOJC5PIV75KOKB', 'OBMUIJ0F8EUG2JORUT9UMPSQUVVHE2BSE5 MQ12CNS440B YM0', 6, 1, '4B5865B1HXSFV5G')
go


insert into OFFRESTAGE (IDOFFRE, IDENT, LIBELLEOFFRE, DESCRIPTIFOFFRE, DATEDEBUTOFFRE, DUREEOFFRE, CHEMINOFFRE, VALIDE) values ('7MONM1AXAA4C8X78LQJ8OBO OL3OCHUKG0NIBJQ  IP9RTP9ID', 9, '1XAOKRFAUHR99PE GC WFULT5A7R0G BOMG1AA8OQ85NECEQ8V', 'DT5HPJQSXYR4LKVY8UOCYQCR4NQQQ73FACBS4U UA4KHB4A83K8M X N5F1L0T9S61Q9C53QQ8XP E7428AH0LM2TIHM 0 KE5S10QFQS 8WJN3D50I6N67IWXBF1NVANSFEO7HLEQI5WEM8RW8YEFS1JHDLLXOY1TDLSFVKWOGLWHLJRNF2OCM5AQ8UW9864VXWRJFK2RFG8 YMCTQUT730411S4FN0UD1OT 3V3RGWJ9WC7NIM1LP7EJM8CF34', '938-3-30 1:48:11', 13, 'MRN165JCJWA0T0WTYCLOE9WW784O87B9R3RPMI0V31GQ7NK 6E', 17)
go


insert into OFFRESTAGE (IDOFFRE, IDENT, LIBELLEOFFRE, DESCRIPTIFOFFRE, DATEDEBUTOFFRE, DUREEOFFRE, CHEMINOFFRE, VALIDE) values ('2D2N4NNPUQJ838PYG6RLBGYCX6LJ4WFM0MP2M67PYQVIVULOP4', 13, 'WB8U308UBK82JW8A44IR6YG527Y5PAHTIWNI15K9I0YMPNPVGJ', 'JDUG5YMRIM0UOU43O0FLCEG800XA5QUF55JLYO3S22MO9U4TT6UPLF0 K DMFESJHT6STKX8YKK4L25IXOK 8R6G7YVFCQ013XDGN5PL11FHX0X79YIV515DY8VMKWAP0UE49B5UG2I5EFEEI8AV39815TH1RAMVJO69D56KU4SH4FL5QI3HPQWANLILEN6AJA8FK1UU7FVX BQ1GKVAKXTFO3E8WX8D5DS7EOCAYY0YXQ87J 6W5OQDTR7XND8 ', '797-5-12 21:27:51', 3, 'RFRDTYJ85MIFNF55K DEQIO31TJJL4LDNWS MCPT3KHPH7HX5R', 11)
go


insert into OFFRESTAGE (IDOFFRE, IDENT, LIBELLEOFFRE, DESCRIPTIFOFFRE, DATEDEBUTOFFRE, DUREEOFFRE, CHEMINOFFRE, VALIDE) values ('Q4DLOSU1DKGFQJBJBP12Y0D2DE8F78MVUFD7XPBPKLVN72IOJ ', 16, 'HP9KUFRXEUJOXQHH0LES8KJFWPDCM7Q6BI3 B8BFVREDPLC046', ' ES7B130YH41PKLAB36WV4MH4RPPTLTI2LP2LBLPDLSO00JGH1RY LKR10AKLCQXRYSFI3IKWL8HFKUF4QGRPSUMD80M SWQXBU185ODJMD HXLHSTF04NV2D MXYAFWR8DLSK5BRLQTJ6WCEUJH8E7OPIGNEJJ X2KV5P09F5IMYL2CA 8X JMGGWKW1GL1F 9N67KHSSK3XRMB7CO66UX111NXKB7OPWVRN0CWIREXLL4M9OO2JE8KCJ0XJL02', '1263-7-9 11:37:41', 4, '4 55XBFGHTQ2120UICQ5XLJ2OP21P21O6NOVOJDKFNQWGU4RKS', 7)
go


insert into OFFRESTAGE (IDOFFRE, IDENT, LIBELLEOFFRE, DESCRIPTIFOFFRE, DATEDEBUTOFFRE, DUREEOFFRE, CHEMINOFFRE, VALIDE) values ('HFXVO728FK0C3YP0 NXOQ4NLMY1VULVJ4VJ85LTNTFYMO1SPYT', 5, '33E1QSGI3S6HXTUIH8EP1K005N6XTEIBS61Q4U4HUG813D2XY5', 'MIK28CWVO28UY8E51MPHPKPNOSN6H3XTFB5GJO1BRITN 3DDGKVA7YOHO19XRXX5RL0V1TPONQP4IW57XMXFHHPTH85INF8TQDA75RY N103AO 67RBWXDFWJ58AE741SIRH5V1PGMIGYO9AGP4OR2OHSB7M384MSKSPARDX5EN24GK48Y3T5CFXI2AXQPVW2 GXNCI793LV7WMQLSLB67T1FIFNA34PAXI79S5OQ71TL3BRW9PCT146OI8AJ4WE', '599-3-15 20:15:45', 5, 'FNLLFGA3KNTM75HNK6U60YC8700JM08N D9H6W4M22180DPE Q', 0)
go


insert into OFFRESTAGE (IDOFFRE, IDENT, LIBELLEOFFRE, DESCRIPTIFOFFRE, DATEDEBUTOFFRE, DUREEOFFRE, CHEMINOFFRE, VALIDE) values ('A369XT76UE6WQDCJLWPPCIYLAELOGN8214F5MT8SLW28GOO2CG', 6, 'T1R4TY0 6LNNEPRDBHM3KV8SJSJ5FTMN5MHBLQWVFPRCCR 3AA', 'JDBO2K6YU GXKGNCX85YXDTBSRYB8XA C0WFWEM7CHV7COT5WC9CC4HTOPH91RJTLD OIBN6DL2O P6GG03OQGVQOKDPH82WMSWLILL2HWFGIT8XLDA7PTXHKDUA AIR5BNFIVYNMTYMTJNVQG64RXQ5GVTKY2JFBTWGX0E84IEDPN83P TQBSHAYOR9N02HMX X44QMRY2VWAXXRIRCOOK  4V08V6014U7FMW8PV1A2TW9KCEA47JVXD0LRN1O', '303-3-8 5:43:50', 16, 'L2 4XTO0YJKNHAH6LFJAQ0LLR25C381J6O7DHOMWQTELY408G3', 5)
go


insert into OFFRESTAGE (IDOFFRE, IDENT, LIBELLEOFFRE, DESCRIPTIFOFFRE, DATEDEBUTOFFRE, DUREEOFFRE, CHEMINOFFRE, VALIDE) values ('X2F2HARSPJ05YEMOVTVGGPQCP8C0SQE718LQA8GQJBOXD8UKKB', 0, 'ANVNGCS1QYO18NY6C176EWIO6JDP1RYIC1IMHOIBD41591MOML', 'WJ5MYA1WJUXWOVFG4KM Q624LBOQ9N1LY75LU2E1942Y7EYHX23RJQ2E4N08LFNIEWUI18GO7UHR M1RTH24JBHX3VTVJWLMR5RUHCQ86URO90HC2BGHKLJGK8LKV5OP0972Y81RER806E5PDQUDCKI9WSF44LW1KE2O608RH2T8UT4WTRIBLHV7WC4IV DG6GX9R3EDF 6P7LNJU5BUUUBKTJ3NHAGA220C75Q6MGIX4E2QEIULKIL98PHIBQJG', '447-10-26 16:41:17', 0, 'VDAU1RA3RAI1CS4F3SSTBESD40A OL2KBUYN J3KOJV6GVXMBA', 8)
go


insert into OFFRESTAGE (IDOFFRE, IDENT, LIBELLEOFFRE, DESCRIPTIFOFFRE, DATEDEBUTOFFRE, DUREEOFFRE, CHEMINOFFRE, VALIDE) values ('RSSE1LYNG5J7U9YSDADMWV8QHXWM089R89BVS7A7X7WS2J7C5R', 11, 'T QMY55UXJ7U5T5FECSD8F6J6KRUIESV0MSN730FU1FTP1AFU6', 'SP7K05MBYARCD3X5R6956KNP71Y3MWACEL0KFBKGL1JJOVWXMAG6YFKS4H FIMFW9SO R69T7210L8VT5PYC2PO1VSMM1 WM820J5JJ4UG5DNWT2S6YFNDBFOFKQ5DSHI1J MIENX4F88WWEJ483PN4H7Q6XQHB2P0E15F06CR37OJF6OUB641S9IQICI9WFW5FJMXM2CTY06FV6YCDHRC7E2B957Y25IE4AS R5LJLCVGVUJG6TBME P4QMC1JD', '1146-4-11 22:37:27', 18, 'DTQQ E21QNY943DBENQW4H D3WK357D77VWVD2EU3TYVQM1TWC', 6)
go


insert into OFFRESTAGE (IDOFFRE, IDENT, LIBELLEOFFRE, DESCRIPTIFOFFRE, DATEDEBUTOFFRE, DUREEOFFRE, CHEMINOFFRE, VALIDE) values ('VA0QOJIC21Q AA4HAPKJWMOJ19 QYJ9G3H5ICHNPOL3XP17G3Y', 3, 'M2BH5M2GI2TWGBSC2MLSAXAQ979FD8I7UE0UDA6QWPPYEVL4S7', 'DGK4CR1U5Y4YSR70YR62F8LOQKY GB6SRSL US71IVDLVRT56NI6NS5OUTKJXWYLCPMQTT67KWV2 7S8KAX0E8JP4WWK054H68RCNW3CMEP7T2EPVLWL2QG01JWGYNYQP6RUND5YCIPV2M0LAAGWWSPDJ96LVDY4U7050VS3U5A BH8IEWD 14A4WG2CQHR VOMEV9JCO2MG FRH7P1UKTC2T5F6II66HRAM9Q4SPQE8HMI63RIMG54MHBXL 653', '1414-1-27 6:30:47', 9, 'Y4UNINX254X00ESJH80I4N XOS6RV4BA7PWFHXUNO JFFLDD G', 15)
go


insert into OFFRESTAGE (IDOFFRE, IDENT, LIBELLEOFFRE, DESCRIPTIFOFFRE, DATEDEBUTOFFRE, DUREEOFFRE, CHEMINOFFRE, VALIDE) values ('FRLQLT9YTB42XYK31ADEPRKUJV675EA6TRTDEX0R9H6N95UGTV', 8, 'DPOJY XJFEBKKE 2K730C50U8QJ 7TT2OO02VWBGPQ3OIE7S2I', 'RFFX2SF3AG3B2HGPTWHFLQ3OCJR2XJTM8E1G63FF49QQYNTSNSCESHWOEBU4 YE7R8TDBQCIE 3I84YL6T3RPI8KYURCN DUP75W4 JJMAKRW5CVF6FOYB1VR6PCGKA2SD085FGBQI5LU8NXTUNF2KEM 2KQOUWU4N1NVYR44WL5V8PK6JSAFBJE53V6N92T9MMHNO9TID8LQ7G2QUHLDUU99NSDIKV24RO Q2XP4P251J1D610M4PVUOU50CRI7', '867-3-7 11:7:0', 15, '4ANFME0LSLRR83 H2OHLXMFWHB98U TI1KS 0SP74SY4TDNKAT', 19)
go


insert into OFFRESTAGE (IDOFFRE, IDENT, LIBELLEOFFRE, DESCRIPTIFOFFRE, DATEDEBUTOFFRE, DUREEOFFRE, CHEMINOFFRE, VALIDE) values ('K4FNSYXH20JUKKJ9RCU3X1EBB A6RG1VDJFOJKK6CQVJSRXQ6L', 17, 'QST8ILBLXPVYM KSBPHE JIGVA8PCAIYV689U3V7UI7XEQ EOA', '28VKCSWPGES1CWRUI9CSTQ9B5KIX46CEU2GMKVE9KSQK160E8C4HH4XDWK TSCVEN0EJDKWBSXV0INFJ5 K527U7I9DK26SD MARNF CYQTP SR8LLN9GQ7MY 5 PRX3V8ES8BDC8TW0MDW07EYBCOBTNQGYAJAVNXM5TB0W9M2BIGXX2EPSGAOPFC2FD7YI5NJD1UW30DX3KE1KOESBC3VJGFEACRADJ0D1DKBIX2PRPTM2XYRGGWQ9ECKJJGQB', '1-1-1 0:0:0', 17, 'JUX OGC2HJP0CNA TVNKHTVJ8B SJCPS4M8RKGWNIJ75TELSCE', 2)
go


insert into OFFRESTAGE (IDOFFRE, IDENT, LIBELLEOFFRE, DESCRIPTIFOFFRE, DATEDEBUTOFFRE, DUREEOFFRE, CHEMINOFFRE, VALIDE) values ('HTSPNLDUYI8KNMXJ8H6U54ONJLYYKHH0SVI8 WS23TCQ1A 1C ', 2, 'N54E5WYS4JWDT288NBYHLJOJ9UY1T5G4MMMSUMUXW 0UTNQJJ8', 'FJ0QAGKBUGDSPM815FVT7U789AB77UVTTFY35Q85Y4HR8 JO XX2VBEFH61AGRHR3OGU4YX9XDA6XEEQLCHVNXJAWSTVDAIM35BMFWKCSDNM8LSEHFQ NN3URLC1VU0H1D262N3O003QLLWHLKG4VPLMQW YU38SKPVA1LO2EYW5BQ0983738MRNUSSQ1YKPPCIQ6CMUAOUKLMNL503OK6IKL3GM4PKRW6ICAVEVAEHNL2DUH4XQKEWHTGASPUX3', '545-12-30 12:23:35', 14, 'TAWWWJN880SGJ21NW04 1K5063CKRPFQDJI761QLQRJV7MKFOV', 4)
go


insert into OFFRESTAGE (IDOFFRE, IDENT, LIBELLEOFFRE, DESCRIPTIFOFFRE, DATEDEBUTOFFRE, DUREEOFFRE, CHEMINOFFRE, VALIDE) values ('7JPBE3SDAWKJUK7A7LMMQGH5EFYU 12DAWSJGDWH3TEQY70F3B', 18, 'MY7SXDGORSU03322YCPH45OTHI8QC7RN4QAIC4O4YTQ47L3IAU', 'YX  1DLII7 6AA1XT153WP21TBCJ96JF71PJ0B0QEU5WOOI825XQ2PFG9U745RDX9U5WPILYVXHML XRML JKAFF908VO MA6CD2I F67U46R7K 8BQHPNS8BMD42GNTGE5 Q2PX4PVFULRX31BKRABLA79AF3W9 MWNLEW7PH59FQ56S9GSWY WJ16RR50 0DO67UINGW3NXHES9AIA6PXYQA1Y01TT9U8KLMADBEGHSXFD 5L2KTF50TGD L95', '1324-3-17 10:35:47', 12, 'AHWSMK4J 8S HQWYNRUTGVBSSSB0BAXFYLOVKK6ARQTGE3K6PV', 13)
go


insert into OFFRESTAGE (IDOFFRE, IDENT, LIBELLEOFFRE, DESCRIPTIFOFFRE, DATEDEBUTOFFRE, DUREEOFFRE, CHEMINOFFRE, VALIDE) values ('BW WRQQQL00IO39PABHVXWUJWNAYEWKG4P0AH6 4I9TIB 39I ', 16, 'SPKA2OSAOPCXM G3AISH4NB031KI5RH20O6UYV02Q60VSGBAMT', 'T0X O63YLAOT9I94OQDB XYDX9NJETGW6MTIB8XM2MTMIW2NMN747W43D4KYY1NI94KD7U01S8L N179DA5QWWN8QLR75VAYDWJQ2ANHDREYO86MYVUCPDGCPPEVF7YQ9 QTD6CPQKBOIYN0UDN641NFH8FM78DW18UXNCS 8W 9Y2EAUIKKJXF2LRB2ODF18C5B8YP6NNTXQMGQ6U7RAB7C1N9X3E68SONCFF5N4MTVG1X9HOW4MRIV505XGAU4', '378-8-14 10:57:58', 2, 'A53BHVGRKAD8OWUASV1564GR6EFB8UU4WXFYEUCIU286LEOSSF', 14)
go


insert into OFFRESTAGE (IDOFFRE, IDENT, LIBELLEOFFRE, DESCRIPTIFOFFRE, DATEDEBUTOFFRE, DUREEOFFRE, CHEMINOFFRE, VALIDE) values ('Q1WS6CFQUVIM7LMOXJ4BTRPWS23 WE6L6AQMX4L5E1DQQSNDGM', 9, '9MIIBADH5C4E0S840PRMYSS2XRC1 OLTYAVT L0J 2BS0U61BF', '2HYCDH689BMBOX28U4L1N40UQSFUTCRVTQEP542F01LKT8BMQ1WWEJLXYO9E05G576UUSMA5SWPV77BUY444UFACE5HHVKM9SE 86HEWDQLL5ASWTR58TG7U3GKW3R2VJP C4L5NY7K3QBNC 7KN3MPPFNLJ93SCT8UOB2G06RJS2CY8JGN B59R7KCBXBWGGV2SEAC1 M533OX4YB9P2NHCMSA6HDRKM9W9WX2BVRNFQ X46B HTV7BCPI3AKRL', '1096-8-10 17:5:51', 8, 'G8MUW7BQ8LFP6ECGLLUH757GPR180LCMOIMCRBVSV BHTVFO3U', 10)
go


insert into OFFRESTAGE (IDOFFRE, IDENT, LIBELLEOFFRE, DESCRIPTIFOFFRE, DATEDEBUTOFFRE, DUREEOFFRE, CHEMINOFFRE, VALIDE) values ('2957L0YBYH1JD4D49608KTBJWP RL12HKE NYE1BS2VKO5L08J', 4, '8U0E9LPVSHFKD66QOC5YAKC6F394JPI JABWC66X1CAD3RFRTQ', 'WW7O7YY0LYYCP5JXGU WYYC3CIR2KFKXA0KPOLKTFROBQCEPJ 6MS90M34F4GRXH8L5 LFKW0J0XF2E5HN1CHGHEF9LC QQTJHS816S0DEUQ81IIVKSQ5H5DLHYU4O3UF8063 8EX8QDMBWKL68LSLL392VPRA96I7 KQ71WLQWGU7VM RVOC9KMF1E5LJMVTLI8UGJTMD6P6AWISCUTLAWKMB8BDLOIU82Y5Q61MD3TPFMM5PYTARO2OIPGL278', '1617-3-1 9:26:9', 19, '9QN1T43C MCIC6XIYHMKLJVAPYMY11Y3TG7S29365T1MS8WG27', 3)
go


insert into OFFRESTAGE (IDOFFRE, IDENT, LIBELLEOFFRE, DESCRIPTIFOFFRE, DATEDEBUTOFFRE, DUREEOFFRE, CHEMINOFFRE, VALIDE) values ('LLTIMJXA0M6RT7UGJQ PF9EM2W 6QIA VO8Q067I 4ICFT D4P', 10, '7BF4MPK98HUP5 AEKB8MCADWUHSSCOLC7RJ5EA8Y0WKU HFI6Q', 'DXSMC6LWQSSIHTUTMHOK203QW0STTN0PP3H40AJDFE4KFUGK613YHNHTY26PEI54H0JDOWYWKTKRDAKS4K1YXNE XM5EMYR8RR4BP XGGE9 43G1AXVIT4FICGPAQN7A15XWFYPKSA 2AKIAUXPMCMH523FQSHY26TF71COAOF7XG9A3C1ABQVH9FVM5UONWH4N8N4F7MK1F20JKSI0N0XKO5W7YTQ3ML8B2AGMEK49MI 4CKGXP622RC1TOID9M', '212-11-13 20:9:32', 7, 'YQGE334XGDBGIG8LDAGKS8R7EAWKNF3G6UHETRN834HGIXY4GS', 16)
go


insert into OFFRESTAGE (IDOFFRE, IDENT, LIBELLEOFFRE, DESCRIPTIFOFFRE, DATEDEBUTOFFRE, DUREEOFFRE, CHEMINOFFRE, VALIDE) values ('BC4BGACIOFC6Y4CF6SVOEO9G5FAE F9A ITQLINYGWNMPVIDCR', 10, '0YCSJB0DDSQCNEVCNSC0DQEA4AU3EO78NHFTNGDGNHJ45TM7OJ', 'O5UTVR6ITG8E3J2IHPRM4XDEI NROP7U6L8MAT4R4K3VYDKTRWUJLD53M5MSY 9P227N8NLSKBJ18GYF F7NCL3Q0TBAWVU6LV33CJYVRBY W2R37HJ6X06WFYXW 8HTJ4W783PSM FUVOM4U26DWCGK0DC8I9YM NA8A6HTIHMR 5DAPV3HMM4BBN3YRE55I3LGYW3R6SWWWJYX1HYUG4M9B4CRYC3J1VS8GQJ1SNAGA9JXI72SLEG0EX C461F', '1498-3-13 12:46:41', 10, 'NAO9U2N4XFN9Q6M9Y0RG4P6I 16721QQG9NS0TV3FKSJFGGMAB', 18)
go


insert into OFFRESTAGE (IDOFFRE, IDENT, LIBELLEOFFRE, DESCRIPTIFOFFRE, DATEDEBUTOFFRE, DUREEOFFRE, CHEMINOFFRE, VALIDE) values ('591CAE1FG1R4MSE6TQA117HDJGWE6JVIK6LFRAJHNX390 D45L', 9, 'DIAUSNQFT YQCX0T298 8ACWVYJDFGH4HYPC80NX1TCBYYVUVK', 'W8HVYDVHYKFPOYCN55DP7CBPB FHA5AYV5 TLTFKMWOWHJV2F5HYA13290X AUFT3D7GCCL76O1C38PN6WP1UXRBUH7NY4295GT92H WFT3CPKKCPUWCNPI60MSB04210Q OM2COKY5BIADPP6QFJCNX7JSU09EG2BO9O9K27I7MJH7S6XET53NF8  7IA8A24GIWEQ6DPTPTHA6PVS10I6YAMSAX4UX8SJ1R7 KFJA 5W  4LGPNE G0SB4L1P9', '1010-3-16 21:23:8', 1, '13 A81CR1SBCCWVQ06JV4D0CCP99TR0V4FCVTMAQ5Y34DA1LIH', 1)
go


insert into OFFRESTAGE (IDOFFRE, IDENT, LIBELLEOFFRE, DESCRIPTIFOFFRE, DATEDEBUTOFFRE, DUREEOFFRE, CHEMINOFFRE, VALIDE) values (' VQUCGJDR57IBOEQF0HWFM68QYD75TFM A5YYHT1IUNDKON9UL', 8, '7CFE5F0ARJ2ATKU1R2IFWSWT6U3J PLPXRKBKME34NTVA6U10M', '6STFPNSF9SI0DOUUQENFGU1AFPANQMEOUDTC3WLF20295YJ AF6VO9GF 95YHOP4PJQF5K3QHJ6A38W3UMMPIAHBH8Y2WAL4K3ED0E64KIRPO9YEYM4N3WJY73E3XW2MMNDYRISURTC3B1VOJYIHFA6VS6U7G5F7IIRWB93PX445BWY9YUAYE 56AJDI7Y0X9UE0L9E0BX HXGNYWBLUURCE60M8VMFEDLR4CI6NMFET8JM5I792IOSQB9YL1MCQ', '106-9-2 20:31:40', 6, 'CO9GIL0VYQQXVT WYF7CPKTTGHT8778N2O63TQV0VX3IORWT8Y', 12)
go


insert into OFFRESTAGE (IDOFFRE, IDENT, LIBELLEOFFRE, DESCRIPTIFOFFRE, DATEDEBUTOFFRE, DUREEOFFRE, CHEMINOFFRE, VALIDE) values ('EMUI35BLVBEM 6IVS7RL877IQS0QX4 UNCDQ2WCTSR6MRMPGDP', 2, '0 J8VQFIEVWW5649UP2EKVCRPGHIXODGQSGTNTL88752L0YN45', 'MG03850 VPKYBCMRE3PF 4OR PCU6RMMAWWSWPQ LJBL2AM6GD2VUODQWIH9O4A818V5RY81MI3JC2PD364BJBEC3PO6V2ICXG13AYM7B13OWQ3U2H9QE6EV4 UXW7M5FG5NQ04YC72UEJ8NJ M4OS61UYOWXH4HGSMTBR5BS HXE1PA37XHJUR7LWEIY3NO9WIL639X62GUC26WQFJX3F972Y 7WJ JIWK4B75VG QLNSJ2UOKI9V FE 0FKJ3H', '693-9-25 2:51:57', 11, 'RLNEX54IJDVGPAWFLC3MGW10SBIVM9AGM3AXNNFDCJMTWWRE4J', 9)
go


insert into DOMAINEOFFRE (IDDOMAINE, LIBELLEDOMAINE) values (5, 'K37ASIR8MPO96G 99J4EACJMGD4755OPRUWRTA5TF9P 85 5WOLNQQP5A25S266P5JL15U4T2QMCI093VDVD372K9XXLX63GDA20HF4ASSJB8IMV24K FQ1N9JUO0ST0L2QKBMPR3 6YLE1SUAYWTICQLBY2CWWX9KRM5AMC1KWANPNOVXYJ50ROWF0T1O2CCAU5DIPNYMTFDQRY9 7D907UCTE2YK6W5HH49P UP0LIN4SIL2WXWJT5D94Y C9Q')
go


insert into DOMAINEOFFRE (IDDOMAINE, LIBELLEDOMAINE) values (7, 'F9OKYLPLGBMN9QERRN PNXW1X8WMT1HL9F7JM353UYX2XRAP4 0B4STIB1295W7P9LG47HV3U55Y8LDUE16CR162ASM5HLWTB6GFNAHWYVNLP S6SMDFWTPRWC9ICW87TDWMQCUAYUF7PYPBTC37TKB4RBAN110RJ46U7OWL3M45MSIBFILDO11AS6NWWD7TM69BOQSP1I1QM1ST19NNK92VC20M1OW9N2VAO4S0SM4DWK6 EJTTHIT251O7MWEI')
go


insert into DOMAINEOFFRE (IDDOMAINE, LIBELLEDOMAINE) values (11, 'L3A1NTBFVT FFHLHQ17NADRJDTJ1KB5IUCJUX00G3RXC780KK8MYSPKJL 7LTIPS7P72S7L1QWVL2ILYXDKLPM3TSU D5AUBVTN1D6 RIGDPR9OY8I5GNLANBIQUASFOG4R6P 8MGFP5YSQDAG5F3ACV W1LVEJXYU6WT0L82LQI8KDKAU0GIPJU O45ESEOSX6OKTFQ9I1D1HGDV1SJ73BGVAV6AWC3T7N PD9QBKSDTLV817ANF1B3P T9X1XT')
go


insert into DOMAINEOFFRE (IDDOMAINE, LIBELLEDOMAINE) values (13, '776CYTRF VX6SAQ29BVUAA9PWS64HOT2N90BWMTJBAWF69ACC2L6U13S7HRE6MVK5I1H0KFAUKWV3E03K 7R2MXDWN3W0Y2M6VRHQNQHJ6T9K EUKD2QTQYYLOCB 2J L GWD81FPC2DGH8MEA88UCLMCOCGYMM0NCWG5UTX23T LPD1JLBGTNE KLJ6OHSK07OU5EQDS9WYQQV8UWQMB525442BUWM0RJXTG1JNFGR6IVXVMOG0UPFT8RPS1DXB')
go


insert into DOMAINEOFFRE (IDDOMAINE, LIBELLEDOMAINE) values (6, 'E8G40666W1IJGSW3I34WSCJ6MRXGROMVRSRLLLQYM6XY EAOM41LFGKYA6TBEUSP6N0108HHBTFFHWQVGI8G NUERV4C97OCCXYCWEUQ7N3X7Q4EWU9UJVTAWF9IKEPTDL3DUNCAU7OIBODMAFF75B7  9BXEBEPQBH3AUP98RK7VSMDCDOYPGQBOI0MU4I4ELXFL2U8QET3UD715ILK12EN55PQSAVOOQTE3RRD6X5D50KI8LFKW6BXTXGC2KIM')
go


insert into DOMAINEOFFRE (IDDOMAINE, LIBELLEDOMAINE) values (14, 'AS8 XLNCS0W3JM99K02GX5PLOCXPG NKCKX97JVD514JQB37H03UNK2M QIYKTLTGQACXUX7A8HUCLYVOMQAJBWIH56BYNT4INCA01G3MICAU6XBDLTGYL0BBFL44D0RWJS98XAV OM6O0822JX04T8L 94LD4 LDB0GDMDVN81S5G97SS7LAROGG2O31BOX3R020HVY8IUGH1KFUHI HEHJ31X AP7PMDGCO61IRL1KTNUT2KCWO220M55M68UC')
go


insert into DOMAINEOFFRE (IDDOMAINE, LIBELLEDOMAINE) values (4, ' INKTMCIQD8J7DW4LPV5TBXK67AGP72SJ7M T2CD0INSKNTI1DVJM QEEQYXT5EI2D  U T3UGASS6QREVUXV9AC72DI9WMKSN1X45O7WDO0LWY627W65JMM AHPSMNGBFP6PN SAC21N4YIV7S8YJV2JDU3 NIAM N6JTYEH3EDKCE60H00P7C21WO8DPEN6A3EH9Y6D86MRE2 4GLHRUGG3EVQFQRQR4YBDWIRA3MGOEWE78CNB UOP2 7G 15')
go


insert into DOMAINEOFFRE (IDDOMAINE, LIBELLEDOMAINE) values (2, 'N0UGVXCBWRLGJP CPRMKKG9PAX5COYY5FCYDJTAKC7MCL M9GUHBIDOYNTAV9HCF678NXACS43WUX776QXPY434H19UGAM7ABI5VFEOP6W8PKKBM6BLN9CUT1N1XOROIQYYQCFKNUU5OEKONT37IO181Q4M1CJ2FO HVV0JGU1RK815U548S2FUQIM4N0WUXTU91706IC7V9T0TD100P00E0AUOKD1NC7KHXAKAOV0YLTVVVR6IGYKQL990Q0F7N')
go


insert into DOMAINEOFFRE (IDDOMAINE, LIBELLEDOMAINE) values (10, 'DYXB54TEDT4HP7MI0VGEC8WN35N0GVH95L31JEUN9R5UYYM1U03SFB1WWLME2FK6VV4WAELW9SGOYBJPSEF0EHHM3DQV6EOY7XTS0EJ7LN5YWR69RJ1GFMQLL4CEYG9LAPNKAY73SUXQ 1I10S9II E4O8L3KFTOMWO6KWAOVM80B7OWB9 MJ0C31V5 0J4B30OL8DQK723YSK 7RST9CHHVR0E677 63B3SKSIWM07MDPVVW31XPGWDCEFT18HF')
go


insert into DOMAINEOFFRE (IDDOMAINE, LIBELLEDOMAINE) values (16, 'AW0RSUUDB4Y8SJXBNLH788X1QIV36LRRUK4MXG36WSDWR8YIBJSLGGXU8P36BM5EAYUE1XP2E64WW6T QW4QU IBJ04B1W65LH780REB8BJGP5LRYJD8S0FISBLRQ9I93AWANRYR8WLTL5KDMY2SI KYJ9VUTWWLKCBPO2CONH CWG2YNJE27LXRP9VTJ7BI6GGPQ P 4EYCSNN3FG7SXXSLOJ943WXWI2 IC7B2OQI7HJ10PK PO8GL52A3L0 5')
go


insert into DOMAINEOFFRE (IDDOMAINE, LIBELLEDOMAINE) values (19, 'IJ8FXOLUTC8BYB1BQLVMD4GGCMY5 RW9LX6QUM6SDXE55DPA10PCRFHFSRUS6P9PK4GSCITWMW 4 D6NM3YQLAD9GT6F PUILSDWK4DP9HIR5CRPXVPNF438QVWM4VJ7ACVJLJY8BO8LCI 8Q6S0TNS5EUKW6MEUO0K2E4S3CA354EGL9MLS6UREOEEUQKM36RP UG7E7UK2YV P4K9WUYGV40A25QL2MD8RPGRS6RYX9 HWC7HE1KIYRXS6TCUG')
go


insert into DOMAINEOFFRE (IDDOMAINE, LIBELLEDOMAINE) values (1, 'PAG7QYHDDKKDDHQQI7MJO3F3MJL7KX 2L3XVW3EIWIU8AXNM3JG7MT45A73C0OIQW1Q8RX4G8HL1HE7DOHT46GLCG19XU47U20FXOHUYB NIW40HVC3E8P36QF8P1N85 O7K 2UBG7HHHLR0R6A8JHYQ4HVIFXW0WKYUWANEF97Q2LEKSU5TS1RL45M3TVO9HU6GK1UJCWO3D7WAUYYCJW7XJ4MEVO6ASM05 E7NRRCG0RIT7 Q3AV6DNWO86V51')
go


insert into DOMAINEOFFRE (IDDOMAINE, LIBELLEDOMAINE) values (0, 'BMBP3WP6N7BPKXKCK34DE O53Q6K96LYXILXQ6F2DEDSFLKL 9GF7MVYYPACGOJ1YLXNPAMSOAWO  7T 8OOXG32PMQJ4Q8S325PLHPFRK1DIIASGLGHLCUA73X5GW49FTP00B7H7SHV4 SUPN08BJRXRJX8K4P1GMOIFOW3 6O9WFUSGIBEYIMT23HVHKR74XV56NMTIUMMV6R1T1XFC0FD7R 64O3FR1OWLNFVKM32UTYHCX5U848HO8EAC8RV')
go


insert into DOMAINEOFFRE (IDDOMAINE, LIBELLEDOMAINE) values (18, '3 7TTCIVD4DSO72KXLU694CMF2ICV7X98N5WYQ72KSKX0JU8YAK0YN5RPJMKDYYTRLXA12 73RAQH96051KXTLAEBQQ6D0BAL9J2XUKJG2WFL36YNMPJ53GKBIIGDAO 3TQEHWQVGFDAQ11K1LHJ9NJUAJBOPWUR18VFEBGKCEDN9D609C4MB LD6727NBSXL9XE9HUHQ98UDO4UPYHHD3UPAQECE6LFBFLJO280P5U88TKA5E0VFAN3E4NI1JKN')
go


insert into DOMAINEOFFRE (IDDOMAINE, LIBELLEDOMAINE) values (12, '70731Y03PXV7UXD RDVMD4I6O5P4KO4KM5QEPES6L9K96DJ65BWJ H37PB7MU3VNEOTSWWC9NKUS2W8MAIJF0H9XE DHQNJYP8RMT7KVJ2CBAGSKL0Y70L N7A59WG1Y5AI9IFI3CT8EHBOUVLVSJGE5U33G XFSR1N6XWEGKJHJ90JUDXR303TUK2FNHQW2YHHTY7M44TKD2C5DNDO3QRNLXP1HUUTWJEWNDAPQ91RJAGGVR3FU  LSY7HJFGQ ')
go


insert into DOMAINEOFFRE (IDDOMAINE, LIBELLEDOMAINE) values (15, 'QCH8VBCGP9WM7PL960DBUMCE1LWJG5CI8NH32RD0LGID1QS1OXKMERUW1O651PG80FSSFETMEARHVIH7J9RULT6A41T4B71EKMW D7S437IOP989FDB3AFL4Y1Y751BTQV2B7JOR0I8RHHSADB9L9KGGJUG6ITJTRN5F5 VDU72K0  WVYAG6GCXDCRX2H68C7M2CE2DS4TV0TX6RWPYLMYM8918L8VHKKOXTY MDUYL4BRUCKJC0U57F211MLEI')
go


insert into DOMAINEOFFRE (IDDOMAINE, LIBELLEDOMAINE) values (9, 'VK5TH2MKJRLNV5V0A7GWT8XXM178NBOQ5RIJ7H16O0IXQ8RGOQQXC4HHU9NS3GR5QIWXQ6IXJK4F0P3F1YDSQ554KI4N8DY9A04TPGFUA4I404OO9DYV48ENPF2WAMM5X5M4PUCHJ6F2V5IINDTKJLVDIEIIE5CD6OHR780YA1ABOWQTW UCWPD6PM6KK5T1X2IPKPAVWS3YDOLY65NN1BVED0H8Q1WTIL3Y3O7C58K3W2LTYIH0NIG  CFLQKNU')
go


insert into DOMAINEOFFRE (IDDOMAINE, LIBELLEDOMAINE) values (3, 'OBCIXU 3B04W YBV7I8YFLFEI4RTAS8TK3YF76XB JQJDHJ2AEH1W56K8NR52Y 0OJBRXWKR4029M54WW6GWI4A1V0HRMPE601IPYKJP8EIAAM7E7N 4MNIUL1KYFV4MWS7B5 OY3F0XQYY5SCMDI6QJVEC0TMY53RST79XT O8FBFT8LOKDCG09PJSA3DW5SO8FRQG7JGH79KAA RNT7HJLENI3FU1HJ29DC3IIRTPLPA3GRHDH1LORQOTTW0NL')
go


insert into DOMAINEOFFRE (IDDOMAINE, LIBELLEDOMAINE) values (17, 'B95WE9JM6OJ NO2G4LV5SBYEVGOXI56FJBWB8G52MO8U258GLJYM8J0SDIMU5T7H 550563RCAQLTFR98K5R3DQO65 1MVHSUD79969B1OLSNGY3FRIGXA3BQIM1OEWUQE0JNLRQSW3X8IATYXUMBX6KRH4DVTIROI68AORL3Q3K45FS2NL5MCDSHQPMRSJ52NYT14N1UQ6AT55TDCT27Q2THQ9FSAD5QMARPT PB8IQOMDDW5BDAOV4SPBD8JHF')
go


insert into DOMAINEOFFRE (IDDOMAINE, LIBELLEDOMAINE) values (8, 'WYQMYXFT8D0K0Y9D32G310MLTO36F2M681IWEYU0Q16G U0ARRAAHU5SCFEIFPK6RXJ7IL8LA 73R6346RK2KJMMLLR3DHCNXKD6QXRAUMW9971D ENJ5R7P8GCQ5U3FLM5FC9QGR7RQHGL59OKW1IC3A8Y6OD4T0KSMK5LWQTXB7ON1GJ0CU KD6T2AP0WOVNSIJI0 X88T5 96FJA16PKORXUVW 1E8WBTBHRMX236YPK6G5GBJG8PB01VWRBX')
go


insert into SECTEURACTIVITE (IDSECTEUR, LIBELLESECTEUR) values (15, '8XHACEE3MHA6XV MOHG20DESWJ05P8RJT76UVBBV0GDMY4XR X')
go


insert into SECTEURACTIVITE (IDSECTEUR, LIBELLESECTEUR) values (11, 'R9TMVINPK0YIFVJVW FI6LAGDODMNY8B2G5SWF7AEG7FIE9BJE')
go


insert into SECTEURACTIVITE (IDSECTEUR, LIBELLESECTEUR) values (7, 'D9D9QUAG09TCB8QJKKP1BCMFYN1BUC47FM XKCBN1NS00JFYYE')
go


insert into SECTEURACTIVITE (IDSECTEUR, LIBELLESECTEUR) values (9, '9WK7HD4PPR0XS5PFRKUWSH36N71FVNPI2KKHF81YUYGEXGRA3C')
go


insert into SECTEURACTIVITE (IDSECTEUR, LIBELLESECTEUR) values (16, 'LR9P7204YB 6IXDNP10JEEH3PC VKN0BPHCKS990BYUIKF0RF1')
go


insert into SECTEURACTIVITE (IDSECTEUR, LIBELLESECTEUR) values (4, ' CCY9G7MNQFN8N VVWOJC4ICP9ELKKX 87E9IDCDQT693J6 S0')
go


insert into SECTEURACTIVITE (IDSECTEUR, LIBELLESECTEUR) values (19, '3EXTVRXI0S6REKT8JQ64E16JX8M6W89SP7BELS2VQ4Q2XUX22K')
go


insert into SECTEURACTIVITE (IDSECTEUR, LIBELLESECTEUR) values (12, 'Y2JB3R93HSO9KMK0H9U9SIDIO9H2YURR3MU7SX650OX04G3P0S')
go


insert into SECTEURACTIVITE (IDSECTEUR, LIBELLESECTEUR) values (2, 'OC 34P73 TD9S3J6C NY2H631OIQ7 6F EMWJ44E6YWLQ3V7V7')
go


insert into SECTEURACTIVITE (IDSECTEUR, LIBELLESECTEUR) values (3, 'BDP NF8SJH48XNN6XMM1W0UNBKI3D5API5AAO0N427JPVXFL5J')
go


insert into SECTEURACTIVITE (IDSECTEUR, LIBELLESECTEUR) values (13, 'SJMUIBOHJ8YLAL4WFU99EP6XKE6T YUIUD4SQM24LD60I97M4U')
go


insert into SECTEURACTIVITE (IDSECTEUR, LIBELLESECTEUR) values (17, 'YKFX4AN4SVWSLV08SSYLSWV790FE00UB2FLE7DPE9OMW7HVFQT')
go


insert into SECTEURACTIVITE (IDSECTEUR, LIBELLESECTEUR) values (6, 'HGBO 637HYV4C HBP 1U1KSUKFMQI5QVISAUWK8726BPWGTRFX')
go


insert into SECTEURACTIVITE (IDSECTEUR, LIBELLESECTEUR) values (1, '8WCT910OYMCD509EED2BUQCL1X519ADOP7R05Y4EGJ7T1APENQ')
go


insert into SECTEURACTIVITE (IDSECTEUR, LIBELLESECTEUR) values (18, 'NK0MQY50 E0U5HSOCIHES4MYRR7JBYSQR86AIKTCJFCM8WH00I')
go


insert into SECTEURACTIVITE (IDSECTEUR, LIBELLESECTEUR) values (10, 'OX7WD56S0NBQW9H4ITLM8CFMTXT6G22GJXSPRJ2MP33P I93PD')
go


insert into SECTEURACTIVITE (IDSECTEUR, LIBELLESECTEUR) values (8, 'MBXM1YVNO93Q8KK2NEEEK23QEW2L T4887MA94OMIC3DJW 5S4')
go


insert into SECTEURACTIVITE (IDSECTEUR, LIBELLESECTEUR) values (5, '2P9QOFTOC7XOPNV260BK QVX6XG9LV6BPV2 I3XP5IRV4UX M0')
go


insert into SECTEURACTIVITE (IDSECTEUR, LIBELLESECTEUR) values (0, 'WL9V9SAUW8V3OPFTC FO6U18LDQ7OA4029L14YI466YM BG3WP')
go


insert into SECTEURACTIVITE (IDSECTEUR, LIBELLESECTEUR) values (14, 'S4VBMMW F2EO 89DQ7OT49Y9NBSD8OWTQFBMRGL7WS40QIDK3C')
go


insert into DISPOSER (IDSECTEUR, IDENT) values (15, 4)
go


insert into DISPOSER (IDSECTEUR, IDENT) values (11, 14)
go


insert into DISPOSER (IDSECTEUR, IDENT) values (7, 2)
go


insert into DISPOSER (IDSECTEUR, IDENT) values (9, 5)
go


insert into DISPOSER (IDSECTEUR, IDENT) values (16, 3)
go


insert into DISPOSER (IDSECTEUR, IDENT) values (4, 19)
go


insert into DISPOSER (IDSECTEUR, IDENT) values (19, 13)
go


insert into DISPOSER (IDSECTEUR, IDENT) values (12, 6)
go


insert into DISPOSER (IDSECTEUR, IDENT) values (2, 9)
go


insert into DISPOSER (IDSECTEUR, IDENT) values (3, 0)
go


insert into DISPOSER (IDSECTEUR, IDENT) values (13, 18)
go


insert into DISPOSER (IDSECTEUR, IDENT) values (17, 15)
go


insert into DISPOSER (IDSECTEUR, IDENT) values (6, 11)
go


insert into DISPOSER (IDSECTEUR, IDENT) values (1, 10)
go


insert into DISPOSER (IDSECTEUR, IDENT) values (18, 16)
go


insert into DISPOSER (IDSECTEUR, IDENT) values (10, 17)
go


insert into DISPOSER (IDSECTEUR, IDENT) values (8, 8)
go


insert into DISPOSER (IDSECTEUR, IDENT) values (5, 12)
go


insert into DISPOSER (IDSECTEUR, IDENT) values (0, 1)
go


insert into DISPOSER (IDSECTEUR, IDENT) values (14, 7)
go


insert into CORRESPOND (IDDOMAINE, IDOFFRE) values (5, '7MONM1AXAA4C8X78LQJ8OBO OL3OCHUKG0NIBJQ  IP9RTP9ID')
go


insert into CORRESPOND (IDDOMAINE, IDOFFRE) values (7, '2D2N4NNPUQJ838PYG6RLBGYCX6LJ4WFM0MP2M67PYQVIVULOP4')
go


insert into CORRESPOND (IDDOMAINE, IDOFFRE) values (11, 'Q4DLOSU1DKGFQJBJBP12Y0D2DE8F78MVUFD7XPBPKLVN72IOJ ')
go


insert into CORRESPOND (IDDOMAINE, IDOFFRE) values (13, 'HFXVO728FK0C3YP0 NXOQ4NLMY1VULVJ4VJ85LTNTFYMO1SPYT')
go


insert into CORRESPOND (IDDOMAINE, IDOFFRE) values (6, 'A369XT76UE6WQDCJLWPPCIYLAELOGN8214F5MT8SLW28GOO2CG')
go


insert into CORRESPOND (IDDOMAINE, IDOFFRE) values (14, 'X2F2HARSPJ05YEMOVTVGGPQCP8C0SQE718LQA8GQJBOXD8UKKB')
go


insert into CORRESPOND (IDDOMAINE, IDOFFRE) values (4, 'RSSE1LYNG5J7U9YSDADMWV8QHXWM089R89BVS7A7X7WS2J7C5R')
go


insert into CORRESPOND (IDDOMAINE, IDOFFRE) values (2, 'VA0QOJIC21Q AA4HAPKJWMOJ19 QYJ9G3H5ICHNPOL3XP17G3Y')
go


insert into CORRESPOND (IDDOMAINE, IDOFFRE) values (10, 'FRLQLT9YTB42XYK31ADEPRKUJV675EA6TRTDEX0R9H6N95UGTV')
go


insert into CORRESPOND (IDDOMAINE, IDOFFRE) values (16, 'K4FNSYXH20JUKKJ9RCU3X1EBB A6RG1VDJFOJKK6CQVJSRXQ6L')
go


insert into CORRESPOND (IDDOMAINE, IDOFFRE) values (19, 'HTSPNLDUYI8KNMXJ8H6U54ONJLYYKHH0SVI8 WS23TCQ1A 1C ')
go


insert into CORRESPOND (IDDOMAINE, IDOFFRE) values (1, '7JPBE3SDAWKJUK7A7LMMQGH5EFYU 12DAWSJGDWH3TEQY70F3B')
go


insert into CORRESPOND (IDDOMAINE, IDOFFRE) values (0, 'BW WRQQQL00IO39PABHVXWUJWNAYEWKG4P0AH6 4I9TIB 39I ')
go


insert into CORRESPOND (IDDOMAINE, IDOFFRE) values (18, 'Q1WS6CFQUVIM7LMOXJ4BTRPWS23 WE6L6AQMX4L5E1DQQSNDGM')
go


insert into CORRESPOND (IDDOMAINE, IDOFFRE) values (12, '2957L0YBYH1JD4D49608KTBJWP RL12HKE NYE1BS2VKO5L08J')
go


insert into CORRESPOND (IDDOMAINE, IDOFFRE) values (15, 'LLTIMJXA0M6RT7UGJQ PF9EM2W 6QIA VO8Q067I 4ICFT D4P')
go


insert into CORRESPOND (IDDOMAINE, IDOFFRE) values (9, 'BC4BGACIOFC6Y4CF6SVOEO9G5FAE F9A ITQLINYGWNMPVIDCR')
go


insert into CORRESPOND (IDDOMAINE, IDOFFRE) values (3, '591CAE1FG1R4MSE6TQA117HDJGWE6JVIK6LFRAJHNX390 D45L')
go


insert into CORRESPOND (IDDOMAINE, IDOFFRE) values (17, ' VQUCGJDR57IBOEQF0HWFM68QYD75TFM A5YYHT1IUNDKON9UL')
go


insert into CORRESPOND (IDDOMAINE, IDOFFRE) values (8, 'EMUI35BLVBEM 6IVS7RL877IQS0QX4 UNCDQ2WCTSR6MRMPGDP')
go


